region	organism	contig	start	stop	genes	contigBorder	wholeContig
ATCC_51524_c_000000000001_RGP_8	ATCC_51524	c_000000000001	148000	162890	13	False	False
ATCC_51524_c_000000000001_RGP_4	ATCC_51524	c_000000000001	299312	310615	11	False	False
ATCC_51524_c_000000000001_RGP_11	ATCC_51524	c_000000000001	323099	327876	7	False	False
ATCC_51524_c_000000000001_RGP_6	ATCC_51524	c_000000000001	417060	428644	12	False	False
ATCC_51524_c_000000000001_RGP_10	ATCC_51524	c_000000000001	435672	441898	7	False	False
ATCC_51524_c_000000000001_RGP_2	ATCC_51524	c_000000000001	454468	466211	18	False	False
ATCC_51524_c_000000000001_RGP_9	ATCC_51524	c_000000000001	575201	583046	8	False	False
ATCC_51524_c_000000000001_RGP_14	ATCC_51524	c_000000000001	617989	622923	5	False	False
ATCC_51524_c_000000000001_RGP_12	ATCC_51524	c_000000000001	692484	699507	6	False	False
ATCC_51524_c_000000000001_RGP_7	ATCC_51524	c_000000000001	769059	775939	9	False	False
ATCC_51524_c_000000000001_RGP_1	ATCC_51524	c_000000000001	982548	1003032	23	False	False
ATCC_51524_c_000000000001_RGP_0	ATCC_51524	c_000000000001	1101262	1120540	20	False	False
ATCC_51524_c_000000000001_RGP_16	ATCC_51524	c_000000000001	1216715	1220914	4	False	False
ATCC_51524_c_000000000001_RGP_5	ATCC_51524	c_000000000001	1301061	1315452	12	False	False
ATCC_51524_c_000000000001_RGP_13	ATCC_51524	c_000000000001	1344340	1350611	7	False	False
ATCC_51524_c_000000000001_RGP_15	ATCC_51524	c_000000000001	1420956	1426825	4	False	False
ATCC_51524_c_000000000001_RGP_3	ATCC_51524	c_000000000001	1434289	1446703	12	False	False
ATCC_51524_c_000000000002_RGP_5	ATCC_51524	c_000000000002	28848	34594	6	False	False
ATCC_51524_c_000000000002_RGP_4	ATCC_51524	c_000000000002	78827	85616	6	False	False
ATCC_51524_c_000000000002_RGP_3	ATCC_51524	c_000000000002	147284	167364	6	False	False
ATCC_51524_c_000000000002_RGP_2	ATCC_51524	c_000000000002	195468	211521	13	False	False
ATCC_51524_c_000000000002_RGP_0	ATCC_51524	c_000000000002	301890	313529	11	False	False
ATCC_51524_c_000000000002_RGP_1	ATCC_51524	c_000000000002	324945	338603	8	True	False
KPL1914_c_000000000001_RGP_12	KPL1914	c_000000000001	1181	11118	13	True	False
KPL1914_c_000000000001_RGP_25	KPL1914	c_000000000001	41909	46961	6	False	False
KPL1914_c_000000000001_RGP_11	KPL1914	c_000000000001	51463	62766	11	False	False
KPL1914_c_000000000001_RGP_10	KPL1914	c_000000000001	75251	82675	11	False	False
KPL1914_c_000000000001_RGP_14	KPL1914	c_000000000001	136601	140781	9	False	False
KPL1914_c_000000000001_RGP_17	KPL1914	c_000000000001	170978	179521	9	False	False
KPL1914_c_000000000001_RGP_4	KPL1914	c_000000000001	192647	215158	27	False	False
KPL1914_c_000000000001_RGP_23	KPL1914	c_000000000001	317009	320718	5	False	False
KPL1914_c_000000000001_RGP_18	KPL1914	c_000000000001	423380	430402	6	False	False
KPL1914_c_000000000001_RGP_24	KPL1914	c_000000000001	453478	457340	4	False	False
KPL1914_c_000000000001_RGP_1	KPL1914	c_000000000001	462720	496397	28	False	False
KPL1914_c_000000000001_RGP_13	KPL1914	c_000000000001	562513	568370	10	False	False
KPL1914_c_000000000001_RGP_22	KPL1914	c_000000000001	592956	597897	5	False	False
KPL1914_c_000000000001_RGP_21	KPL1914	c_000000000001	626928	641711	5	False	False
KPL1914_c_000000000001_RGP_0	KPL1914	c_000000000001	1034636	1051181	32	False	False
KPL1914_c_000000000001_RGP_16	KPL1914	c_000000000001	1072788	1079794	7	False	False
KPL1914_c_000000000001_RGP_2	KPL1914	c_000000000001	1192883	1210234	23	False	False
KPL1914_c_000000000001_RGP_20	KPL1914	c_000000000001	1224311	1228464	5	False	False
KPL1914_c_000000000001_RGP_15	KPL1914	c_000000000001	1243792	1249206	8	False	False
KPL1914_c_000000000001_RGP_9	KPL1914	c_000000000001	1394525	1411690	13	False	False
KPL1914_c_000000000001_RGP_19	KPL1914	c_000000000001	1442032	1446045	7	False	False
KPL1914_c_000000000001_RGP_5	KPL1914	c_000000000001	1454903	1463443	13	False	False
KPL1914_c_000000000001_RGP_8	KPL1914	c_000000000001	1510321	1520777	11	False	False
KPL1914_c_000000000001_RGP_6	KPL1914	c_000000000001	1527988	1540403	12	False	False
KPL1914_c_000000000001_RGP_7	KPL1914	c_000000000001	1611071	1628381	11	False	False
KPL1914_c_000000000001_RGP_3	KPL1914	c_000000000001	1774910	1797941	21	False	False
KPL1922_CDC39_95_c_000000000004_RGP_0	KPL1922_CDC39_95	c_000000000004	53035	64911	19	False	False
KPL1922_CDC39_95_c_000000000004_RGP_1	KPL1922_CDC39_95	c_000000000004	83811	93689	12	False	False
KPL1922_CDC39_95_c_000000000015_RGP_0	KPL1922_CDC39_95	c_000000000015	26408	31349	5	False	False
KPL1922_CDC39_95_c_000000000017_RGP_0	KPL1922_CDC39_95	c_000000000017	17594	22595	9	False	False
KPL1922_CDC39_95_c_000000000021_RGP_0	KPL1922_CDC39_95	c_000000000021	1177	16246	23	True	True
KPL1922_CDC39_95_c_000000000039_RGP_0	KPL1922_CDC39_95	c_000000000039	39	24482	30	True	False
KPL1922_CDC39_95_c_000000000039_RGP_1	KPL1922_CDC39_95	c_000000000039	80977	90234	7	False	False
KPL1922_CDC39_95_c_000000000046_RGP_0	KPL1922_CDC39_95	c_000000000046	191	6685	5	True	False
KPL1922_CDC39_95_c_000000000051_RGP_2	KPL1922_CDC39_95	c_000000000051	297	6166	4	True	False
KPL1922_CDC39_95_c_000000000051_RGP_0	KPL1922_CDC39_95	c_000000000051	13623	26037	12	False	False
KPL1922_CDC39_95_c_000000000051_RGP_1	KPL1922_CDC39_95	c_000000000051	96706	102695	7	True	False
KPL1922_CDC39_95_c_000000000057_RGP_1	KPL1922_CDC39_95	c_000000000057	31554	41132	10	False	False
KPL1922_CDC39_95_c_000000000057_RGP_2	KPL1922_CDC39_95	c_000000000057	85877	94711	8	False	False
KPL1922_CDC39_95_c_000000000057_RGP_0	KPL1922_CDC39_95	c_000000000057	142398	163736	15	False	False
KPL1922_CDC39_95_c_000000000057_RGP_3	KPL1922_CDC39_95	c_000000000057	174676	183268	7	True	False
KPL1922_CDC39_95_c_000000000060_RGP_0	KPL1922_CDC39_95	c_000000000060	49992	58878	11	False	False
KPL1922_CDC39_95_c_000000000064_RGP_0	KPL1922_CDC39_95	c_000000000064	63903	75206	11	False	False
KPL1922_CDC39_95_c_000000000071_RGP_1	KPL1922_CDC39_95	c_000000000071	84154	88353	4	False	False
KPL1922_CDC39_95_c_000000000071_RGP_0	KPL1922_CDC39_95	c_000000000071	206502	210684	7	False	False
KPL1922_CDC39_95_c_000000000074_RGP_1	KPL1922_CDC39_95	c_000000000074	63345	70137	6	False	False
KPL1922_CDC39_95_c_000000000074_RGP_0	KPL1922_CDC39_95	c_000000000074	115115	120850	6	False	False
KPL1922_CDC39_95_c_000000000075_RGP_0	KPL1922_CDC39_95	c_000000000075	67704	85830	16	False	False
KPL1930_CDC2949_98_c_000000000015_RGP_0	KPL1930_CDC2949_98	c_000000000015	30685	35634	5	False	False
KPL1930_CDC2949_98_c_000000000027_RGP_1	KPL1930_CDC2949_98	c_000000000027	308	5221	5	True	False
KPL1930_CDC2949_98_c_000000000027_RGP_0	KPL1930_CDC2949_98	c_000000000027	16148	37485	15	False	False
KPL1930_CDC2949_98_c_000000000031_RGP_0	KPL1930_CDC2949_98	c_000000000031	25020	29768	7	False	False
KPL1930_CDC2949_98_c_000000000031_RGP_1	KPL1930_CDC2949_98	c_000000000031	34153	39899	6	False	False
KPL1930_CDC2949_98_c_000000000033_RGP_2	KPL1930_CDC2949_98	c_000000000033	216	6609	8	True	False
KPL1930_CDC2949_98_c_000000000033_RGP_1	KPL1930_CDC2949_98	c_000000000033	68787	80661	11	False	False
KPL1930_CDC2949_98_c_000000000033_RGP_0	KPL1930_CDC2949_98	c_000000000033	120271	129942	18	False	False
KPL1930_CDC2949_98_c_000000000033_RGP_3	KPL1930_CDC2949_98	c_000000000033	134425	142431	9	False	False
KPL1930_CDC2949_98_c_000000000033_RGP_4	KPL1930_CDC2949_98	c_000000000033	155306	168378	10	False	False
KPL1930_CDC2949_98_c_000000000044_RGP_0	KPL1930_CDC2949_98	c_000000000044	458	9547	8	True	False
KPL1930_CDC2949_98_c_000000000045_RGP_0	KPL1930_CDC2949_98	c_000000000045	1533	16509	10	True	False
KPL1930_CDC2949_98_c_000000000053_RGP_0	KPL1930_CDC2949_98	c_000000000053	44	13856	13	True	True
KPL1930_CDC2949_98_c_000000000056_RGP_0	KPL1930_CDC2949_98	c_000000000056	5	13603	11	True	False
KPL1930_CDC2949_98_c_000000000057_RGP_0	KPL1930_CDC2949_98	c_000000000057	370	4217	4	True	True
KPL1930_CDC2949_98_c_000000000060_RGP_0	KPL1930_CDC2949_98	c_000000000060	17603	26484	8	False	False
KPL1930_CDC2949_98_c_000000000063_RGP_1	KPL1930_CDC2949_98	c_000000000063	7736	15874	12	False	False
KPL1930_CDC2949_98_c_000000000063_RGP_0	KPL1930_CDC2949_98	c_000000000063	82853	94303	11	False	False
KPL1930_CDC2949_98_c_000000000063_RGP_2	KPL1930_CDC2949_98	c_000000000063	98805	103857	6	False	False
KPL1930_CDC2949_98_c_000000000064_RGP_0	KPL1930_CDC2949_98	c_000000000064	721	5129	4	True	False
KPL1930_CDC2949_98_c_000000000072_RGP_0	KPL1930_CDC2949_98	c_000000000072	11334	21711	9	False	False
KPL1930_CDC2949_98_c_000000000085_RGP_0	KPL1930_CDC2949_98	c_000000000085	58152	67415	7	True	False
KPL1930_CDC2949_98_c_000000000087_RGP_2	KPL1930_CDC2949_98	c_000000000087	85962	90161	4	False	False
KPL1930_CDC2949_98_c_000000000087_RGP_1	KPL1930_CDC2949_98	c_000000000087	169732	182386	8	False	False
KPL1930_CDC2949_98_c_000000000087_RGP_0	KPL1930_CDC2949_98	c_000000000087	287101	297333	9	False	False
KPL1931_CDC4294_98_c_000000000005_RGP_0	KPL1931_CDC4294_98	c_000000000005	414	4429	5	True	True
KPL1931_CDC4294_98_c_000000000009_RGP_3	KPL1931_CDC4294_98	c_000000000009	38087	43033	5	False	False
KPL1931_CDC4294_98_c_000000000009_RGP_0	KPL1931_CDC4294_98	c_000000000009	67619	73476	10	False	False
KPL1931_CDC4294_98_c_000000000009_RGP_2	KPL1931_CDC4294_98	c_000000000009	91432	100266	8	False	False
KPL1931_CDC4294_98_c_000000000009_RGP_1	KPL1931_CDC4294_98	c_000000000009	146426	156452	8	False	False
KPL1931_CDC4294_98_c_000000000009_RGP_4	KPL1931_CDC4294_98	c_000000000009	165872	169734	4	True	False
KPL1931_CDC4294_98_c_000000000019_RGP_0	KPL1931_CDC4294_98	c_000000000019	19627	25555	8	True	False
KPL1931_CDC4294_98_c_000000000020_RGP_1	KPL1931_CDC4294_98	c_000000000020	4176	12647	6	False	False
KPL1931_CDC4294_98_c_000000000020_RGP_0	KPL1931_CDC4294_98	c_000000000020	115092	122715	8	False	False
KPL1931_CDC4294_98_c_000000000021_RGP_0	KPL1931_CDC4294_98	c_000000000021	29749	42008	15	True	False
KPL1931_CDC4294_98_c_000000000023_RGP_0	KPL1931_CDC4294_98	c_000000000023	85204	88400	8	True	False
KPL1931_CDC4294_98_c_000000000024_RGP_1	KPL1931_CDC4294_98	c_000000000024	41377	45207	6	False	False
KPL1931_CDC4294_98_c_000000000024_RGP_0	KPL1931_CDC4294_98	c_000000000024	49318	55613	8	False	False
KPL1931_CDC4294_98_c_000000000025_RGP_1	KPL1931_CDC4294_98	c_000000000025	1266	5250	4	False	False
KPL1931_CDC4294_98_c_000000000025_RGP_0	KPL1931_CDC4294_98	c_000000000025	50542	56291	6	False	False
KPL1931_CDC4294_98_c_000000000026_RGP_0	KPL1931_CDC4294_98	c_000000000026	354	7645	12	True	False
KPL1931_CDC4294_98_c_000000000027_RGP_0	KPL1931_CDC4294_98	c_000000000027	20145	26476	7	False	False
KPL1931_CDC4294_98_c_000000000029_RGP_0	KPL1931_CDC4294_98	c_000000000029	694	90310	101	True	False
KPL1931_CDC4294_98_c_000000000032_RGP_0	KPL1931_CDC4294_98	c_000000000032	98	44611	69	True	True
KPL1931_CDC4294_98_c_000000000040_RGP_0	KPL1931_CDC4294_98	c_000000000040	42347	48142	5	False	False
KPL1931_CDC4294_98_c_000000000042_RGP_0	KPL1931_CDC4294_98	c_000000000042	15926	25745	8	True	False
KPL1931_CDC4294_98_c_000000000044_RGP_0	KPL1931_CDC4294_98	c_000000000044	97617	105953	8	True	False
KPL1931_CDC4294_98_c_000000000049_RGP_0	KPL1931_CDC4294_98	c_000000000049	2471	17012	8	True	False
KPL1931_CDC4294_98_c_000000000051_RGP_0	KPL1931_CDC4294_98	c_000000000051	189	6683	5	True	False
KPL1931_CDC4294_98_c_000000000061_RGP_1	KPL1931_CDC4294_98	c_000000000061	46276	53707	11	False	False
KPL1931_CDC4294_98_c_000000000061_RGP_0	KPL1931_CDC4294_98	c_000000000061	66192	77495	11	False	False
KPL1931_CDC4294_98_c_000000000061_RGP_3	KPL1931_CDC4294_98	c_000000000061	81997	87049	6	False	False
KPL1931_CDC4294_98_c_000000000061_RGP_2	KPL1931_CDC4294_98	c_000000000061	109439	113446	5	False	False
KPL1931_CDC4294_98_c_000000000065_RGP_0	KPL1931_CDC4294_98	c_000000000065	216	6609	8	True	False
KPL1931_CDC4294_98_c_000000000070_RGP_0	KPL1931_CDC4294_98	c_000000000070	916	31565	39	True	True
KPL1931_CDC4294_98_c_000000000074_RGP_1	KPL1931_CDC4294_98	c_000000000074	264	6133	4	True	False
KPL1931_CDC4294_98_c_000000000074_RGP_0	KPL1931_CDC4294_98	c_000000000074	83982	90094	7	True	False
KPL1932_CDC4420_98_c_000000000008_RGP_0	KPL1932_CDC4420_98	c_000000000008	113	7240	7	True	True
KPL1932_CDC4420_98_c_000000000013_RGP_3	KPL1932_CDC4420_98	c_000000000013	20272	24529	7	False	False
KPL1932_CDC4420_98_c_000000000013_RGP_0	KPL1932_CDC4420_98	c_000000000013	144034	196595	85	False	False
KPL1932_CDC4420_98_c_000000000013_RGP_2	KPL1932_CDC4420_98	c_000000000013	234204	243980	9	False	False
KPL1932_CDC4420_98_c_000000000013_RGP_1	KPL1932_CDC4420_98	c_000000000013	263761	278541	12	False	False
KPL1932_CDC4420_98_c_000000000017_RGP_1	KPL1932_CDC4420_98	c_000000000017	45037	49870	7	False	False
KPL1932_CDC4420_98_c_000000000017_RGP_0	KPL1932_CDC4420_98	c_000000000017	54254	59075	8	False	False
KPL1932_CDC4420_98_c_000000000018_RGP_0	KPL1932_CDC4420_98	c_000000000018	43432	53456	8	False	False
KPL1932_CDC4420_98_c_000000000018_RGP_1	KPL1932_CDC4420_98	c_000000000018	64964	69749	5	True	False
KPL1932_CDC4420_98_c_000000000020_RGP_0	KPL1932_CDC4420_98	c_000000000020	163149	200217	19	False	False
KPL1932_CDC4420_98_c_000000000026_RGP_0	KPL1932_CDC4420_98	c_000000000026	50047	56488	5	False	False
KPL1932_CDC4420_98_c_000000000040_RGP_1	KPL1932_CDC4420_98	c_000000000040	159	4085	8	True	False
KPL1932_CDC4420_98_c_000000000040_RGP_2	KPL1932_CDC4420_98	c_000000000040	58338	63118	7	False	False
KPL1932_CDC4420_98_c_000000000040_RGP_3	KPL1932_CDC4420_98	c_000000000040	75478	81101	5	False	False
KPL1932_CDC4420_98_c_000000000040_RGP_0	KPL1932_CDC4420_98	c_000000000040	87611	93508	9	False	False
KPL1932_CDC4420_98_c_000000000045_RGP_0	KPL1932_CDC4420_98	c_000000000045	60983	70250	9	False	False
KPL1932_CDC4420_98_c_000000000045_RGP_1	KPL1932_CDC4420_98	c_000000000045	228835	234701	4	True	False
KPL1932_CDC4420_98_c_000000000060_RGP_0	KPL1932_CDC4420_98	c_000000000060	14833	23668	8	False	False
KPL1932_CDC4420_98_c_000000000064_RGP_1	KPL1932_CDC4420_98	c_000000000064	18255	27724	10	False	False
KPL1932_CDC4420_98_c_000000000064_RGP_0	KPL1932_CDC4420_98	c_000000000064	135745	147975	19	False	False
KPL1932_CDC4420_98_c_000000000064_RGP_2	KPL1932_CDC4420_98	c_000000000064	160543	166791	7	False	False
KPL1932_CDC4420_98_c_000000000064_RGP_3	KPL1932_CDC4420_98	c_000000000064	173819	178182	6	False	False
KPL1932_CDC4420_98_c_000000000069_RGP_0	KPL1932_CDC4420_98	c_000000000069	71472	96330	21	False	False
KPL1933_CDC4545_98_c_000000000002_RGP_0	KPL1933_CDC4545_98	c_000000000002	9917	18752	8	False	False
KPL1933_CDC4545_98_c_000000000002_RGP_4	KPL1933_CDC4545_98	c_000000000002	36816	43184	6	False	False
KPL1933_CDC4545_98_c_000000000002_RGP_1	KPL1933_CDC4545_98	c_000000000002	60338	64468	6	False	False
KPL1933_CDC4545_98_c_000000000002_RGP_2	KPL1933_CDC4545_98	c_000000000002	178525	185313	7	False	False
KPL1933_CDC4545_98_c_000000000002_RGP_3	KPL1933_CDC4545_98	c_000000000002	232112	237855	6	False	False
KPL1933_CDC4545_98_c_000000000003_RGP_2	KPL1933_CDC4545_98	c_000000000003	1451	5313	4	True	False
KPL1933_CDC4545_98_c_000000000003_RGP_0	KPL1933_CDC4545_98	c_000000000003	16984	39310	17	False	False
KPL1933_CDC4545_98_c_000000000003_RGP_1	KPL1933_CDC4545_98	c_000000000003	72441	80230	4	True	False
KPL1933_CDC4545_98_c_000000000004_RGP_0	KPL1933_CDC4545_98	c_000000000004	20058	31413	9	False	False
KPL1933_CDC4545_98_c_000000000009_RGP_1	KPL1933_CDC4545_98	c_000000000009	128289	134632	9	False	False
KPL1933_CDC4545_98_c_000000000009_RGP_0	KPL1933_CDC4545_98	c_000000000009	190206	198103	12	False	False
KPL1933_CDC4545_98_c_000000000011_RGP_0	KPL1933_CDC4545_98	c_000000000011	15902	39106	20	False	False
KPL1933_CDC4545_98_c_000000000011_RGP_8	KPL1933_CDC4545_98	c_000000000011	142192	148303	8	False	False
KPL1933_CDC4545_98_c_000000000011_RGP_9	KPL1933_CDC4545_98	c_000000000011	172857	180447	7	False	False
KPL1933_CDC4545_98_c_000000000011_RGP_3	KPL1933_CDC4545_98	c_000000000011	184950	196251	11	False	False
KPL1933_CDC4545_98_c_000000000011_RGP_4	KPL1933_CDC4545_98	c_000000000011	265789	269969	9	False	False
KPL1933_CDC4545_98_c_000000000011_RGP_2	KPL1933_CDC4545_98	c_000000000011	303110	314025	13	False	False
KPL1933_CDC4545_98_c_000000000011_RGP_7	KPL1933_CDC4545_98	c_000000000011	335889	344589	8	False	False
KPL1933_CDC4545_98_c_000000000011_RGP_1	KPL1933_CDC4545_98	c_000000000011	384598	396472	11	False	False
KPL1933_CDC4545_98_c_000000000011_RGP_5	KPL1933_CDC4545_98	c_000000000011	412407	419430	8	False	False
KPL1933_CDC4545_98_c_000000000011_RGP_6	KPL1933_CDC4545_98	c_000000000011	469624	473333	6	False	False
KPL1933_CDC4545_98_c_000000000013_RGP_1	KPL1933_CDC4545_98	c_000000000013	35083	48304	10	False	False
KPL1933_CDC4545_98_c_000000000013_RGP_2	KPL1933_CDC4545_98	c_000000000013	76522	82817	8	False	False
KPL1933_CDC4545_98_c_000000000013_RGP_0	KPL1933_CDC4545_98	c_000000000013	231497	240491	8	False	False
KPL1934_CDC4709_98_c_000000000001_RGP_15	KPL1934_CDC4709_98	c_000000000001	123357	128301	5	False	False
KPL1934_CDC4709_98_c_000000000001_RGP_10	KPL1934_CDC4709_98	c_000000000001	171416	180269	9	False	False
KPL1934_CDC4709_98_c_000000000001_RGP_7	KPL1934_CDC4709_98	c_000000000001	189492	226287	12	False	False
KPL1934_CDC4709_98_c_000000000001_RGP_9	KPL1934_CDC4709_98	c_000000000001	258162	268812	9	False	False
KPL1934_CDC4709_98_c_000000000001_RGP_17	KPL1934_CDC4709_98	c_000000000001	280218	284079	4	False	False
KPL1934_CDC4709_98_c_000000000001_RGP_2	KPL1934_CDC4709_98	c_000000000001	416821	433442	16	False	False
KPL1934_CDC4709_98_c_000000000001_RGP_3	KPL1934_CDC4709_98	c_000000000001	567463	583805	18	False	False
KPL1934_CDC4709_98_c_000000000001_RGP_5	KPL1934_CDC4709_98	c_000000000001	683439	694742	11	False	False
KPL1934_CDC4709_98_c_000000000001_RGP_1	KPL1934_CDC4709_98	c_000000000001	819959	844645	22	False	False
KPL1934_CDC4709_98_c_000000000001_RGP_0	KPL1934_CDC4709_98	c_000000000001	936889	1010524	55	False	False
KPL1934_CDC4709_98_c_000000000001_RGP_6	KPL1934_CDC4709_98	c_000000000001	1160089	1170554	10	False	False
KPL1934_CDC4709_98_c_000000000001_RGP_11	KPL1934_CDC4709_98	c_000000000001	1239997	1247654	10	False	False
KPL1934_CDC4709_98_c_000000000001_RGP_14	KPL1934_CDC4709_98	c_000000000001	1281497	1294684	8	False	False
KPL1934_CDC4709_98_c_000000000001_RGP_8	KPL1934_CDC4709_98	c_000000000001	1314485	1324262	9	False	False
KPL1934_CDC4709_98_c_000000000001_RGP_12	KPL1934_CDC4709_98	c_000000000001	1483261	1487519	7	False	False
KPL1934_CDC4709_98_c_000000000001_RGP_13	KPL1934_CDC4709_98	c_000000000001	1791145	1795727	6	False	False
KPL1934_CDC4709_98_c_000000000001_RGP_4	KPL1934_CDC4709_98	c_000000000001	1902079	1911497	12	False	False
KPL1934_CDC4709_98_c_000000000001_RGP_16	KPL1934_CDC4709_98	c_000000000001	1917587	1923333	6	False	False
KPL1937_CDC4199_99_c_000000000001_RGP_2	KPL1937_CDC4199_99	c_000000000001	24655	32312	10	False	False
KPL1937_CDC4199_99_c_000000000001_RGP_1	KPL1937_CDC4199_99	c_000000000001	45861	52823	8	False	False
KPL1937_CDC4199_99_c_000000000001_RGP_0	KPL1937_CDC4199_99	c_000000000001	71316	87120	15	False	False
KPL1937_CDC4199_99_c_000000000001_RGP_3	KPL1937_CDC4199_99	c_000000000001	107694	114026	6	False	False
KPL1937_CDC4199_99_c_000000000005_RGP_0	KPL1937_CDC4199_99	c_000000000005	138	32336	32	True	True
KPL1937_CDC4199_99_c_000000000012_RGP_0	KPL1937_CDC4199_99	c_000000000012	70082	73414	4	True	False
KPL1937_CDC4199_99_c_000000000017_RGP_1	KPL1937_CDC4199_99	c_000000000017	598	5501	5	True	False
KPL1937_CDC4199_99_c_000000000017_RGP_0	KPL1937_CDC4199_99	c_000000000017	17175	39501	17	False	False
KPL1937_CDC4199_99_c_000000000031_RGP_3	KPL1937_CDC4199_99	c_000000000031	29073	34835	6	False	False
KPL1937_CDC4199_99_c_000000000031_RGP_2	KPL1937_CDC4199_99	c_000000000031	79529	86318	6	False	False
KPL1937_CDC4199_99_c_000000000031_RGP_1	KPL1937_CDC4199_99	c_000000000031	190465	195414	5	False	False
KPL1937_CDC4199_99_c_000000000031_RGP_0	KPL1937_CDC4199_99	c_000000000031	240467	249320	8	False	False
KPL1937_CDC4199_99_c_000000000032_RGP_3	KPL1937_CDC4199_99	c_000000000032	124647	135305	13	False	False
KPL1937_CDC4199_99_c_000000000032_RGP_0	KPL1937_CDC4199_99	c_000000000032	150992	165009	19	False	False
KPL1937_CDC4199_99_c_000000000032_RGP_2	KPL1937_CDC4199_99	c_000000000032	216142	226022	13	False	False
KPL1937_CDC4199_99_c_000000000032_RGP_6	KPL1937_CDC4199_99	c_000000000032	244607	252310	12	False	False
KPL1937_CDC4199_99_c_000000000032_RGP_4	KPL1937_CDC4199_99	c_000000000032	255751	264713	10	False	False
KPL1937_CDC4199_99_c_000000000032_RGP_5	KPL1937_CDC4199_99	c_000000000032	271751	277979	7	False	False
KPL1937_CDC4199_99_c_000000000032_RGP_1	KPL1937_CDC4199_99	c_000000000032	288318	301900	20	False	False
KPL1937_CDC4199_99_c_000000000034_RGP_0	KPL1937_CDC4199_99	c_000000000034	10902	17083	9	False	False
KPL1937_CDC4199_99_c_000000000037_RGP_0	KPL1937_CDC4199_99	c_000000000037	64676	105867	58	False	False
KPL1937_CDC4199_99_c_000000000038_RGP_0	KPL1937_CDC4199_99	c_000000000038	18759	22465	6	False	False
KPL1937_CDC4199_99_c_000000000039_RGP_0	KPL1937_CDC4199_99	c_000000000039	16007	28256	11	True	False
KPL1937_CDC4199_99_c_000000000045_RGP_1	KPL1937_CDC4199_99	c_000000000045	37951	43820	4	False	False
KPL1937_CDC4199_99_c_000000000045_RGP_0	KPL1937_CDC4199_99	c_000000000045	51239	57337	5	False	False
KPL1937_CDC4199_99_c_000000000051_RGP_0	KPL1937_CDC4199_99	c_000000000051	589	9577	7	True	True
KPL1937_CDC4199_99_c_000000000064_RGP_0	KPL1937_CDC4199_99	c_000000000064	21	17896	12	True	False
KPL1937_CDC4199_99_c_000000000065_RGP_0	KPL1937_CDC4199_99	c_000000000065	7	5838	8	True	False
KPL1938_CDC4791_99_c_000000000005_RGP_0	KPL1938_CDC4791_99	c_000000000005	2375	11674	8	False	False
KPL1938_CDC4791_99_c_000000000011_RGP_2	KPL1938_CDC4791_99	c_000000000011	67212	73508	8	False	False
KPL1938_CDC4791_99_c_000000000011_RGP_0	KPL1938_CDC4791_99	c_000000000011	101718	115388	16	False	False
KPL1938_CDC4791_99_c_000000000011_RGP_1	KPL1938_CDC4791_99	c_000000000011	291731	298691	10	False	False
KPL1938_CDC4791_99_c_000000000012_RGP_1	KPL1938_CDC4791_99	c_000000000012	4618	8112	6	False	False
KPL1938_CDC4791_99_c_000000000012_RGP_0	KPL1938_CDC4791_99	c_000000000012	13499	18292	6	False	False
KPL1938_CDC4791_99_c_000000000016_RGP_2	KPL1938_CDC4791_99	c_000000000016	28150	32934	4	False	False
KPL1938_CDC4791_99_c_000000000016_RGP_1	KPL1938_CDC4791_99	c_000000000016	115270	121712	5	False	False
KPL1938_CDC4791_99_c_000000000016_RGP_0	KPL1938_CDC4791_99	c_000000000016	165279	174142	8	False	False
KPL1938_CDC4791_99_c_000000000017_RGP_1	KPL1938_CDC4791_99	c_000000000017	163222	198851	18	False	False
KPL1938_CDC4791_99_c_000000000017_RGP_0	KPL1938_CDC4791_99	c_000000000017	216763	231119	14	False	False
KPL1938_CDC4791_99_c_000000000024_RGP_0	KPL1938_CDC4791_99	c_000000000024	156474	162340	4	True	False
KPL1938_CDC4791_99_c_000000000037_RGP_0	KPL1938_CDC4791_99	c_000000000037	43559	53582	8	False	False
KPL1938_CDC4791_99_c_000000000037_RGP_1	KPL1938_CDC4791_99	c_000000000037	65090	69875	5	True	False
KPL1938_CDC4791_99_c_000000000041_RGP_1	KPL1938_CDC4791_99	c_000000000041	43834	48887	7	False	False
KPL1938_CDC4791_99_c_000000000041_RGP_0	KPL1938_CDC4791_99	c_000000000041	65826	72862	10	True	False
KPL1938_CDC4791_99_c_000000000045_RGP_0	KPL1938_CDC4791_99	c_000000000045	283	23126	20	True	False
KPL1938_CDC4791_99_c_000000000052_RGP_1	KPL1938_CDC4791_99	c_000000000052	22261	30890	9	False	False
KPL1938_CDC4791_99_c_000000000052_RGP_0	KPL1938_CDC4791_99	c_000000000052	37935	44162	7	False	False
KPL1938_CDC4791_99_c_000000000052_RGP_4	KPL1938_CDC4791_99	c_000000000052	49416	56884	6	False	False
KPL1938_CDC4791_99_c_000000000052_RGP_3	KPL1938_CDC4791_99	c_000000000052	63894	67868	6	False	False
KPL1938_CDC4791_99_c_000000000052_RGP_2	KPL1938_CDC4791_99	c_000000000052	80791	84097	6	False	False
KPL1938_CDC4791_99_c_000000000053_RGP_0	KPL1938_CDC4791_99	c_000000000053	7053	11233	9	False	False
KPL1938_CDC4791_99_c_000000000057_RGP_0	KPL1938_CDC4791_99	c_000000000057	25052	30020	6	False	False
KPL1938_CDC4791_99_c_000000000057_RGP_1	KPL1938_CDC4791_99	c_000000000057	34404	39239	7	False	False
KPL1938_CDC4791_99_c_000000000058_RGP_0	KPL1938_CDC4791_99	c_000000000058	18282	27751	10	False	False
KPL1939_CDC4792_99_c_000000000001_RGP_0	KPL1939_CDC4792_99	c_000000000001	102	4177	6	True	True
KPL1939_CDC4792_99_c_000000000007_RGP_0	KPL1939_CDC4792_99	c_000000000007	81098	95454	14	False	False
KPL1939_CDC4792_99_c_000000000008_RGP_0	KPL1939_CDC4792_99	c_000000000008	301	6170	4	True	False
KPL1939_CDC4792_99_c_000000000010_RGP_1	KPL1939_CDC4792_99	c_000000000010	42382	50005	8	False	False
KPL1939_CDC4792_99_c_000000000010_RGP_0	KPL1939_CDC4792_99	c_000000000010	56702	65717	12	False	False
KPL1939_CDC4792_99_c_000000000023_RGP_1	KPL1939_CDC4792_99	c_000000000023	31106	42407	11	False	False
KPL1939_CDC4792_99_c_000000000023_RGP_2	KPL1939_CDC4792_99	c_000000000023	46907	54497	7	False	False
KPL1939_CDC4792_99_c_000000000023_RGP_0	KPL1939_CDC4792_99	c_000000000023	178067	202934	21	False	False
KPL1939_CDC4792_99_c_000000000030_RGP_0	KPL1939_CDC4792_99	c_000000000030	18626	30176	15	False	False
KPL1939_CDC4792_99_c_000000000030_RGP_1	KPL1939_CDC4792_99	c_000000000030	131502	155521	26	False	False
KPL1939_CDC4792_99_c_000000000030_RGP_3	KPL1939_CDC4792_99	c_000000000030	161261	167488	7	False	False
KPL1939_CDC4792_99_c_000000000030_RGP_2	KPL1939_CDC4792_99	c_000000000030	174527	183491	11	False	False
KPL1939_CDC4792_99_c_000000000030_RGP_4	KPL1939_CDC4792_99	c_000000000030	186973	190833	6	False	False
KPL1939_CDC4792_99_c_000000000042_RGP_3	KPL1939_CDC4792_99	c_000000000042	27374	32440	5	False	False
KPL1939_CDC4792_99_c_000000000042_RGP_2	KPL1939_CDC4792_99	c_000000000042	144128	148503	8	False	False
KPL1939_CDC4792_99_c_000000000042_RGP_0	KPL1939_CDC4792_99	c_000000000042	205072	212970	12	False	False
KPL1939_CDC4792_99_c_000000000042_RGP_4	KPL1939_CDC4792_99	c_000000000042	252546	256745	4	False	False
KPL1939_CDC4792_99_c_000000000042_RGP_1	KPL1939_CDC4792_99	c_000000000042	332375	353146	19	False	False
KPL1939_CDC4792_99_c_000000000045_RGP_5	KPL1939_CDC4792_99	c_000000000045	1284	5146	4	True	False
KPL1939_CDC4792_99_c_000000000045_RGP_0	KPL1939_CDC4792_99	c_000000000045	16876	36985	17	False	False
KPL1939_CDC4792_99_c_000000000045_RGP_1	KPL1939_CDC4792_99	c_000000000045	125399	134195	7	False	False
KPL1939_CDC4792_99_c_000000000045_RGP_2	KPL1939_CDC4792_99	c_000000000045	163332	182476	6	False	False
KPL1939_CDC4792_99_c_000000000045_RGP_4	KPL1939_CDC4792_99	c_000000000045	244272	251064	6	False	False
KPL1939_CDC4792_99_c_000000000045_RGP_3	KPL1939_CDC4792_99	c_000000000045	297100	301799	6	False	False
KPL1939_CDC4792_99_c_000000000046_RGP_2	KPL1939_CDC4792_99	c_000000000046	7805	14118	5	False	False
KPL1939_CDC4792_99_c_000000000046_RGP_0	KPL1939_CDC4792_99	c_000000000046	38426	55298	13	False	False
KPL1939_CDC4792_99_c_000000000046_RGP_1	KPL1939_CDC4792_99	c_000000000046	100821	107844	6	False	False
KPL3033_c_000000000001_RGP_5	KPL3033	c_000000000001	87617	111856	26	False	False
KPL3033_c_000000000001_RGP_14	KPL3033	c_000000000001	124996	131903	11	False	False
KPL3033_c_000000000001_RGP_8	KPL3033	c_000000000001	229151	240453	11	False	False
KPL3033_c_000000000001_RGP_24	KPL3033	c_000000000001	244955	250007	6	False	False
KPL3033_c_000000000001_RGP_2	KPL3033	c_000000000001	371793	396649	21	False	False
KPL3033_c_000000000001_RGP_7	KPL3033	c_000000000001	622115	634524	12	False	False
KPL3033_c_000000000001_RGP_9	KPL3033	c_000000000001	641735	652198	10	False	False
KPL3033_c_000000000001_RGP_20	KPL3033	c_000000000001	716248	723328	7	False	False
KPL3033_c_000000000001_RGP_19	KPL3033	c_000000000001	756263	767417	7	False	False
KPL3033_c_000000000001_RGP_4	KPL3033	c_000000000001	927881	943004	15	False	False
KPL3033_c_000000000001_RGP_13	KPL3033	c_000000000001	1067216	1074221	7	False	False
KPL3033_c_000000000001_RGP_0	KPL3033	c_000000000001	1130262	1195477	62	False	False
KPL3033_c_000000000001_RGP_11	KPL3033	c_000000000001	1248823	1256446	8	False	False
KPL3033_c_000000000001_RGP_1	KPL3033	c_000000000001	1335141	1372355	55	False	False
KPL3033_c_000000000001_RGP_18	KPL3033	c_000000000001	1491171	1496903	7	False	False
KPL3033_c_000000000001_RGP_23	KPL3033	c_000000000001	1541783	1548575	6	False	False
KPL3033_c_000000000001_RGP_22	KPL3033	c_000000000001	1576805	1581590	4	False	False
KPL3033_c_000000000001_RGP_17	KPL3033	c_000000000001	1617045	1630920	5	False	False
KPL3033_c_000000000001_RGP_21	KPL3033	c_000000000001	1659259	1664384	4	False	False
KPL3033_c_000000000001_RGP_6	KPL3033	c_000000000001	1686090	1694858	12	False	False
KPL3033_c_000000000001_RGP_3	KPL3033	c_000000000001	1759242	1781566	17	False	False
KPL3033_c_000000000001_RGP_10	KPL3033	c_000000000001	1793231	1801642	8	False	False
KPL3033_c_000000000001_RGP_12	KPL3033	c_000000000001	1824341	1833235	7	False	False
KPL3033_c_000000000001_RGP_16	KPL3033	c_000000000001	1901691	1906483	5	False	False
KPL3033_c_000000000001_RGP_15	KPL3033	c_000000000001	1940628	1944342	5	False	False
KPL3043_c_000000000001_RGP_1	KPL3043	c_000000000001	94180	106851	19	False	False
KPL3043_c_000000000001_RGP_14	KPL3043	c_000000000001	121156	127248	7	False	False
KPL3043_c_000000000001_RGP_23	KPL3043	c_000000000001	134290	139946	5	False	False
KPL3043_c_000000000001_RGP_13	KPL3043	c_000000000001	143611	149213	10	False	False
KPL3043_c_000000000001_RGP_12	KPL3043	c_000000000001	231968	237068	8	False	False
KPL3043_c_000000000001_RGP_0	KPL3043	c_000000000001	378373	403228	22	False	False
KPL3043_c_000000000001_RGP_9	KPL3043	c_000000000001	419079	1843314	8	True	False
KPL3043_c_000000000001_RGP_5	KPL3043	c_000000000001	637348	649763	12	False	False
KPL3043_c_000000000001_RGP_22	KPL3043	c_000000000001	657224	665889	5	False	False
KPL3043_c_000000000001_RGP_11	KPL3043	c_000000000001	751080	758040	8	False	False
KPL3043_c_000000000001_RGP_6	KPL3043	c_000000000001	776480	789510	13	False	False
KPL3043_c_000000000001_RGP_8	KPL3043	c_000000000001	966204	971011	9	False	False
KPL3043_c_000000000001_RGP_21	KPL3043	c_000000000001	1082951	1088095	5	False	False
KPL3043_c_000000000001_RGP_4	KPL3043	c_000000000001	1109748	1135330	14	False	False
KPL3043_c_000000000001_RGP_18	KPL3043	c_000000000001	1283658	1287507	6	False	False
KPL3043_c_000000000001_RGP_17	KPL3043	c_000000000001	1305001	1315758	8	False	False
KPL3043_c_000000000001_RGP_3	KPL3043	c_000000000001	1347142	1381619	12	False	False
KPL3043_c_000000000001_RGP_7	KPL3043	c_000000000001	1425401	1432947	10	False	False
KPL3043_c_000000000001_RGP_16	KPL3043	c_000000000001	1437332	1443244	8	False	False
KPL3043_c_000000000001_RGP_26	KPL3043	c_000000000001	1487810	1494603	6	False	False
KPL3043_c_000000000001_RGP_25	KPL3043	c_000000000001	1556336	1574616	4	False	False
KPL3043_c_000000000001_RGP_20	KPL3043	c_000000000001	1603792	1608738	5	False	False
KPL3043_c_000000000001_RGP_19	KPL3043	c_000000000001	1614778	1619843	7	False	False
KPL3043_c_000000000001_RGP_10	KPL3043	c_000000000001	1653584	1662418	8	False	False
KPL3043_c_000000000001_RGP_24	KPL3043	c_000000000001	1721053	1724915	4	False	False
KPL3043_c_000000000001_RGP_15	KPL3043	c_000000000001	1748000	1755023	6	False	False
KPL3043_c_000000000001_RGP_2	KPL3043	c_000000000001	1861719	1871738	13	False	False
KPL3050_c_000000000001_RGP_4	KPL3050	c_000000000001	87531	104825	25	False	False
KPL3050_c_000000000001_RGP_6	KPL3050	c_000000000001	125040	137932	15	False	False
KPL3050_c_000000000001_RGP_9	KPL3050	c_000000000001	223394	232706	11	False	False
KPL3050_c_000000000001_RGP_8	KPL3050	c_000000000001	244147	255450	12	False	False
KPL3050_c_000000000001_RGP_27	KPL3050	c_000000000001	259949	265001	6	False	False
KPL3050_c_000000000001_RGP_1	KPL3050	c_000000000001	391340	416074	22	False	False
KPL3050_c_000000000001_RGP_12	KPL3050	c_000000000001	431941	1996273	8	True	False
KPL3050_c_000000000001_RGP_0	KPL3050	c_000000000001	506700	586791	82	False	False
KPL3050_c_000000000001_RGP_19	KPL3050	c_000000000001	655918	667014	7	False	False
KPL3050_c_000000000001_RGP_7	KPL3050	c_000000000001	740547	752956	12	False	False
KPL3050_c_000000000001_RGP_24	KPL3050	c_000000000001	760414	768816	5	False	False
KPL3050_c_000000000001_RGP_2	KPL3050	c_000000000001	874020	896261	21	False	False
KPL3050_c_000000000001_RGP_11	KPL3050	c_000000000001	916055	925830	9	False	False
KPL3050_c_000000000001_RGP_10	KPL3050	c_000000000001	1066748	1077383	10	False	False
KPL3050_c_000000000001_RGP_17	KPL3050	c_000000000001	1091971	1098044	8	False	False
KPL3050_c_000000000001_RGP_16	KPL3050	c_000000000001	1322592	1330215	8	False	False
KPL3050_c_000000000001_RGP_22	KPL3050	c_000000000001	1444726	1453191	6	False	False
KPL3050_c_000000000001_RGP_23	KPL3050	c_000000000001	1483914	1501016	5	False	False
KPL3050_c_000000000001_RGP_21	KPL3050	c_000000000001	1549011	1555291	8	False	False
KPL3050_c_000000000001_RGP_26	KPL3050	c_000000000001	1599019	1605812	6	False	False
KPL3050_c_000000000001_RGP_20	KPL3050	c_000000000001	1717878	1724318	6	False	False
KPL3050_c_000000000001_RGP_15	KPL3050	c_000000000001	1768393	1777228	8	False	False
KPL3050_c_000000000001_RGP_14	KPL3050	c_000000000001	1786529	1807973	10	False	False
KPL3050_c_000000000001_RGP_3	KPL3050	c_000000000001	1839851	1855368	17	False	False
KPL3050_c_000000000001_RGP_25	KPL3050	c_000000000001	1864556	1868418	4	False	False
KPL3050_c_000000000001_RGP_18	KPL3050	c_000000000001	1891473	1900369	7	False	False
KPL3050_c_000000000001_RGP_13	KPL3050	c_000000000001	1944648	1954906	8	False	False
KPL3050_c_000000000001_RGP_5	KPL3050	c_000000000001	2014747	2029949	15	False	False
KPL3052_c_000000000001_RGP_22	KPL3052	c_000000000001	114171	121976	10	False	False
KPL3052_c_000000000001_RGP_25	KPL3052	c_000000000001	127396	130809	7	False	False
KPL3052_c_000000000001_RGP_7	KPL3052	c_000000000001	150496	154676	9	False	False
KPL3052_c_000000000001_RGP_5	KPL3052	c_000000000001	222670	233973	11	False	False
KPL3052_c_000000000001_RGP_21	KPL3052	c_000000000001	262591	269235	8	False	False
KPL3052_c_000000000001_RGP_1	KPL3052	c_000000000001	370178	400192	29	False	False
KPL3052_c_000000000001_RGP_8	KPL3052	c_000000000001	416064	1959150	8	True	False
KPL3052_c_000000000001_RGP_0	KPL3052	c_000000000001	491863	572985	85	False	False
KPL3052_c_000000000001_RGP_14	KPL3052	c_000000000001	628076	637923	8	False	False
KPL3052_c_000000000001_RGP_3	KPL3052	c_000000000001	708589	721003	13	False	False
KPL3052_c_000000000001_RGP_29	KPL3052	c_000000000001	728461	734330	4	False	False
KPL3052_c_000000000001_RGP_20	KPL3052	c_000000000001	802912	809207	8	False	False
KPL3052_c_000000000001_RGP_13	KPL3052	c_000000000001	822761	829721	8	False	False
KPL3052_c_000000000001_RGP_12	KPL3052	c_000000000001	848213	863551	10	False	False
KPL3052_c_000000000001_RGP_6	KPL3052	c_000000000001	884734	894510	9	False	False
KPL3052_c_000000000001_RGP_24	KPL3052	c_000000000001	1036324	1040477	5	False	False
KPL3052_c_000000000001_RGP_11	KPL3052	c_000000000001	1054534	1059341	8	False	False
KPL3052_c_000000000001_RGP_10	KPL3052	c_000000000001	1162420	1174977	10	False	False
KPL3052_c_000000000001_RGP_28	KPL3052	c_000000000001	1177553	1182619	4	False	False
KPL3052_c_000000000001_RGP_27	KPL3052	c_000000000001	1494041	1498508	6	False	False
KPL3052_c_000000000001_RGP_26	KPL3052	c_000000000001	1543263	1550054	6	False	False
KPL3052_c_000000000001_RGP_17	KPL3052	c_000000000001	1668526	1675529	7	False	False
KPL3052_c_000000000001_RGP_19	KPL3052	c_000000000001	1697254	1701520	6	False	False
KPL3052_c_000000000001_RGP_9	KPL3052	c_000000000001	1719667	1728511	8	False	False
KPL3052_c_000000000001_RGP_16	KPL3052	c_000000000001	1736885	1761489	9	False	False
KPL3052_c_000000000001_RGP_2	KPL3052	c_000000000001	1793342	1814680	15	False	False
KPL3052_c_000000000001_RGP_15	KPL3052	c_000000000001	1826350	1834946	7	False	False
KPL3052_c_000000000001_RGP_18	KPL3052	c_000000000001	1857152	1864174	6	False	False
KPL3052_c_000000000001_RGP_23	KPL3052	c_000000000001	1935998	1940790	5	False	False
KPL3052_c_000000000001_RGP_4	KPL3052	c_000000000001	1977555	1987576	12	False	False
KPL3065_c_000000000001_RGP_12	KPL3065	c_000000000001	115482	121574	7	False	False
KPL3065_c_000000000001_RGP_19	KPL3065	c_000000000001	128617	134273	5	False	False
KPL3065_c_000000000001_RGP_11	KPL3065	c_000000000001	137937	143538	10	False	False
KPL3065_c_000000000001_RGP_10	KPL3065	c_000000000001	226289	231389	8	False	False
KPL3065_c_000000000001_RGP_0	KPL3065	c_000000000001	375490	398521	21	False	False
KPL3065_c_000000000001_RGP_6	KPL3065	c_000000000001	414390	1836129	8	True	False
KPL3065_c_000000000001_RGP_2	KPL3065	c_000000000001	630777	643192	12	False	False
KPL3065_c_000000000001_RGP_18	KPL3065	c_000000000001	650649	658851	5	False	False
KPL3065_c_000000000001_RGP_9	KPL3065	c_000000000001	748712	755672	8	False	False
KPL3065_c_000000000001_RGP_3	KPL3065	c_000000000001	774109	787139	13	False	False
KPL3065_c_000000000001_RGP_8	KPL3065	c_000000000001	961957	966765	8	False	False
KPL3065_c_000000000001_RGP_17	KPL3065	c_000000000001	1277146	1280995	6	False	False
KPL3065_c_000000000001_RGP_16	KPL3065	c_000000000001	1303445	1311917	6	False	False
KPL3065_c_000000000001_RGP_15	KPL3065	c_000000000001	1344638	1374975	6	False	False
KPL3065_c_000000000001_RGP_5	KPL3065	c_000000000001	1418895	1426441	10	False	False
KPL3065_c_000000000001_RGP_14	KPL3065	c_000000000001	1430826	1436738	8	False	False
KPL3065_c_000000000001_RGP_21	KPL3065	c_000000000001	1481303	1488096	6	False	False
KPL3065_c_000000000001_RGP_4	KPL3065	c_000000000001	1617890	1623747	10	False	False
KPL3065_c_000000000001_RGP_7	KPL3065	c_000000000001	1643517	1652351	8	False	False
KPL3065_c_000000000001_RGP_20	KPL3065	c_000000000001	1711996	1715858	4	False	False
KPL3065_c_000000000001_RGP_13	KPL3065	c_000000000001	1738943	1745966	6	False	False
KPL3065_c_000000000001_RGP_1	KPL3065	c_000000000001	1854534	1864554	13	False	False
KPL3069_c_000000000001_RGP_3	KPL3069	c_000000000001	87638	99262	18	False	False
KPL3069_c_000000000001_RGP_17	KPL3069	c_000000000001	120988	129067	9	False	False
KPL3069_c_000000000001_RGP_10	KPL3069	c_000000000001	156883	161063	9	False	False
KPL3069_c_000000000001_RGP_6	KPL3069	c_000000000001	230626	241926	12	False	False
KPL3069_c_000000000001_RGP_21	KPL3069	c_000000000001	272534	277073	6	False	False
KPL3069_c_000000000001_RGP_2	KPL3069	c_000000000001	381508	416133	35	False	False
KPL3069_c_000000000001_RGP_11	KPL3069	c_000000000001	432021	1935122	8	True	False
KPL3069_c_000000000001_RGP_0	KPL3069	c_000000000001	506607	577576	76	False	False
KPL3069_c_000000000001_RGP_28	KPL3069	c_000000000001	588095	591427	4	False	False
KPL3069_c_000000000001_RGP_9	KPL3069	c_000000000001	635916	650393	9	False	False
KPL3069_c_000000000001_RGP_5	KPL3069	c_000000000001	721065	733478	12	False	False
KPL3069_c_000000000001_RGP_27	KPL3069	c_000000000001	740937	746806	4	False	False
KPL3069_c_000000000001_RGP_14	KPL3069	c_000000000001	817285	824881	10	False	False
KPL3069_c_000000000001_RGP_22	KPL3069	c_000000000001	855667	868203	7	False	False
KPL3069_c_000000000001_RGP_8	KPL3069	c_000000000001	887391	897166	9	False	False
KPL3069_c_000000000001_RGP_26	KPL3069	c_000000000001	973641	978591	6	False	False
KPL3069_c_000000000001_RGP_13	KPL3069	c_000000000001	1270812	1278435	8	False	False
KPL3069_c_000000000001_RGP_20	KPL3069	c_000000000001	1378498	1386969	6	False	False
KPL3069_c_000000000001_RGP_25	KPL3069	c_000000000001	1418354	1434455	6	False	False
KPL3069_c_000000000001_RGP_1	KPL3069	c_000000000001	1439920	1485224	71	False	False
KPL3069_c_000000000001_RGP_7	KPL3069	c_000000000001	1522402	1529116	9	False	False
KPL3069_c_000000000001_RGP_19	KPL3069	c_000000000001	1533501	1539782	8	False	False
KPL3069_c_000000000001_RGP_24	KPL3069	c_000000000001	1584379	1591147	6	False	False
KPL3069_c_000000000001_RGP_16	KPL3069	c_000000000001	1693943	1698884	7	False	False
KPL3069_c_000000000001_RGP_18	KPL3069	c_000000000001	1704928	1709993	8	False	False
KPL3069_c_000000000001_RGP_12	KPL3069	c_000000000001	1743698	1752550	8	False	False
KPL3069_c_000000000001_RGP_23	KPL3069	c_000000000001	1811955	1815816	4	False	False
KPL3069_c_000000000001_RGP_15	KPL3069	c_000000000001	1838908	1845930	7	False	False
KPL3069_c_000000000001_RGP_4	KPL3069	c_000000000001	1953397	1963432	13	False	False
KPL3070_c_000000000001_RGP_1	KPL3070	c_000000000001	119321	133708	19	False	False
KPL3070_c_000000000001_RGP_8	KPL3070	c_000000000001	161474	165866	10	False	False
KPL3070_c_000000000001_RGP_4	KPL3070	c_000000000001	219786	227530	12	False	False
KPL3070_c_000000000001_RGP_5	KPL3070	c_000000000001	240189	251523	11	False	False
KPL3070_c_000000000001_RGP_0	KPL3070	c_000000000001	385152	426520	43	False	False
KPL3070_c_000000000001_RGP_11	KPL3070	c_000000000001	442407	1840447	8	True	False
KPL3070_c_000000000001_RGP_20	KPL3070	c_000000000001	661879	667977	5	False	False
KPL3070_c_000000000001_RGP_7	KPL3070	c_000000000001	675143	685608	10	False	False
KPL3070_c_000000000001_RGP_19	KPL3070	c_000000000001	749018	753029	7	False	False
KPL3070_c_000000000001_RGP_18	KPL3070	c_000000000001	756954	763229	7	False	False
KPL3070_c_000000000001_RGP_10	KPL3070	c_000000000001	795123	810006	11	False	False
KPL3070_c_000000000001_RGP_16	KPL3070	c_000000000001	829865	836197	6	False	False
KPL3070_c_000000000001_RGP_14	KPL3070	c_000000000001	990318	995123	8	False	False
KPL3070_c_000000000001_RGP_24	KPL3070	c_000000000001	1126477	1141679	4	False	False
KPL3070_c_000000000001_RGP_13	KPL3070	c_000000000001	1388927	1393770	8	False	False
KPL3070_c_000000000001_RGP_23	KPL3070	c_000000000001	1398155	1402870	6	False	False
KPL3070_c_000000000001_RGP_22	KPL3070	c_000000000001	1449857	1456648	6	False	False
KPL3070_c_000000000001_RGP_21	KPL3070	c_000000000001	1521239	1539368	4	False	False
KPL3070_c_000000000001_RGP_3	KPL3070	c_000000000001	1568443	1583476	19	False	False
KPL3070_c_000000000001_RGP_2	KPL3070	c_000000000001	1605107	1611389	13	False	False
KPL3070_c_000000000001_RGP_9	KPL3070	c_000000000001	1640852	1666473	11	False	False
KPL3070_c_000000000001_RGP_12	KPL3070	c_000000000001	1701021	1712294	8	False	False
KPL3070_c_000000000001_RGP_17	KPL3070	c_000000000001	1717712	1722496	5	False	False
KPL3070_c_000000000001_RGP_15	KPL3070	c_000000000001	1744734	1753629	7	False	False
KPL3070_c_000000000001_RGP_6	KPL3070	c_000000000001	1860540	1870009	10	False	False
KPL3077_c_000000000001_RGP_16	KPL3077	c_000000000001	26	9225	7	True	False
KPL3077_c_000000000001_RGP_25	KPL3077	c_000000000001	79911	86009	5	False	False
KPL3077_c_000000000001_RGP_9	KPL3077	c_000000000001	92932	103604	11	False	False
KPL3077_c_000000000001_RGP_24	KPL3077	c_000000000001	160994	168121	7	False	False
KPL3077_c_000000000001_RGP_8	KPL3077	c_000000000001	201593	218752	13	False	False
KPL3077_c_000000000001_RGP_19	KPL3077	c_000000000001	239016	245348	6	False	False
KPL3077_c_000000000001_RGP_12	KPL3077	c_000000000001	379030	384443	9	False	False
KPL3077_c_000000000001_RGP_2	KPL3077	c_000000000001	414300	431651	23	False	False
KPL3077_c_000000000001_RGP_15	KPL3077	c_000000000001	538718	545724	7	False	False
KPL3077_c_000000000001_RGP_18	KPL3077	c_000000000001	760370	768841	6	False	False
KPL3077_c_000000000001_RGP_14	KPL3077	c_000000000001	841037	845879	7	False	False
KPL3077_c_000000000001_RGP_23	KPL3077	c_000000000001	966460	982264	5	False	False
KPL3077_c_000000000001_RGP_7	KPL3077	c_000000000001	1014872	1022912	12	False	False
KPL3077_c_000000000001_RGP_11	KPL3077	c_000000000001	1044242	1050099	10	False	False
KPL3077_c_000000000001_RGP_1	KPL3077	c_000000000001	1115095	1148689	28	False	False
KPL3077_c_000000000001_RGP_22	KPL3077	c_000000000001	1154077	1160375	5	False	False
KPL3077_c_000000000001_RGP_13	KPL3077	c_000000000001	1182719	1189740	7	False	False
KPL3077_c_000000000001_RGP_21	KPL3077	c_000000000001	1256050	1260493	5	False	False
KPL3077_c_000000000001_RGP_5	KPL3077	c_000000000001	1295388	1305032	13	False	False
KPL3077_c_000000000001_RGP_4	KPL3077	c_000000000001	1401843	1417923	24	False	False
KPL3077_c_000000000001_RGP_20	KPL3077	c_000000000001	1435647	1440007	5	False	False
KPL3077_c_000000000001_RGP_10	KPL3077	c_000000000001	1473554	1479439	10	False	False
KPL3077_c_000000000001_RGP_6	KPL3077	c_000000000001	1548210	1559511	12	False	False
KPL3077_c_000000000001_RGP_26	KPL3077	c_000000000001	1564010	1569062	6	False	False
KPL3077_c_000000000001_RGP_3	KPL3077	c_000000000001	1691460	1716319	21	False	False
KPL3077_c_000000000001_RGP_17	KPL3077	c_000000000001	1795363	1804622	8	False	False
KPL3077_c_000000000001_RGP_0	KPL3077	c_000000000001	1813800	1896596	86	False	False
KPL3084_c_000000000001_RGP_25	KPL3084	c_000000000001	101897	107425	6	False	False
KPL3084_c_000000000001_RGP_3	KPL3084	c_000000000001	119450	133837	17	False	False
KPL3084_c_000000000001_RGP_10	KPL3084	c_000000000001	161603	165995	10	False	False
KPL3084_c_000000000001_RGP_4	KPL3084	c_000000000001	219916	227660	12	False	False
KPL3084_c_000000000001_RGP_7	KPL3084	c_000000000001	240319	251653	11	False	False
KPL3084_c_000000000001_RGP_21	KPL3084	c_000000000001	280337	286443	7	False	False
KPL3084_c_000000000001_RGP_0	KPL3084	c_000000000001	385379	426748	43	False	False
KPL3084_c_000000000001_RGP_24	KPL3084	c_000000000001	565531	589214	4	False	False
KPL3084_c_000000000001_RGP_20	KPL3084	c_000000000001	674563	680661	5	False	False
KPL3084_c_000000000001_RGP_9	KPL3084	c_000000000001	687827	698292	10	False	False
KPL3084_c_000000000001_RGP_19	KPL3084	c_000000000001	761695	765707	7	False	False
KPL3084_c_000000000001_RGP_18	KPL3084	c_000000000001	769632	775907	7	False	False
KPL3084_c_000000000001_RGP_1	KPL3084	c_000000000001	807787	831130	21	False	False
KPL3084_c_000000000001_RGP_16	KPL3084	c_000000000001	851103	857435	6	False	False
KPL3084_c_000000000001_RGP_13	KPL3084	c_000000000001	1011574	1016380	8	False	False
KPL3084_c_000000000001_RGP_12	KPL3084	c_000000000001	1411629	1416662	9	False	False
KPL3084_c_000000000001_RGP_23	KPL3084	c_000000000001	1421047	1425762	6	False	False
KPL3084_c_000000000001_RGP_15	KPL3084	c_000000000001	1471485	1480148	9	False	False
KPL3084_c_000000000001_RGP_22	KPL3084	c_000000000001	1544766	1563397	4	False	False
KPL3084_c_000000000001_RGP_2	KPL3084	c_000000000001	1591381	1606413	19	False	False
KPL3084_c_000000000001_RGP_6	KPL3084	c_000000000001	1628057	1634343	11	False	False
KPL3084_c_000000000001_RGP_5	KPL3084	c_000000000001	1663807	1689426	13	False	False
KPL3084_c_000000000001_RGP_11	KPL3084	c_000000000001	1723975	1735249	9	False	False
KPL3084_c_000000000001_RGP_17	KPL3084	c_000000000001	1740667	1745449	5	False	False
KPL3084_c_000000000001_RGP_14	KPL3084	c_000000000001	1767687	1776582	7	False	False
KPL3084_c_000000000001_RGP_8	KPL3084	c_000000000001	1883497	1892965	10	False	False
KPL3086_c_000000000001_RGP_13	KPL3086	c_000000000001	115482	121574	7	False	False
KPL3086_c_000000000001_RGP_19	KPL3086	c_000000000001	128617	134273	5	False	False
KPL3086_c_000000000001_RGP_12	KPL3086	c_000000000001	137938	143539	9	False	False
KPL3086_c_000000000001_RGP_7	KPL3086	c_000000000001	225671	231390	9	False	False
KPL3086_c_000000000001_RGP_0	KPL3086	c_000000000001	375491	398522	21	False	False
KPL3086_c_000000000001_RGP_8	KPL3086	c_000000000001	414392	1822395	8	True	False
KPL3086_c_000000000001_RGP_2	KPL3086	c_000000000001	627238	639652	13	False	False
KPL3086_c_000000000001_RGP_18	KPL3086	c_000000000001	647109	655312	5	False	False
KPL3086_c_000000000001_RGP_22	KPL3086	c_000000000001	719816	726954	6	False	False
KPL3086_c_000000000001_RGP_10	KPL3086	c_000000000001	745175	752135	8	False	False
KPL3086_c_000000000001_RGP_3	KPL3086	c_000000000001	770575	783604	13	False	False
KPL3086_c_000000000001_RGP_6	KPL3086	c_000000000001	958842	963161	9	False	False
KPL3086_c_000000000001_RGP_17	KPL3086	c_000000000001	1268689	1272538	6	False	False
KPL3086_c_000000000001_RGP_11	KPL3086	c_000000000001	1294988	1303460	7	False	False
KPL3086_c_000000000001_RGP_16	KPL3086	c_000000000001	1336180	1363114	6	False	False
KPL3086_c_000000000001_RGP_5	KPL3086	c_000000000001	1407034	1414578	10	False	False
KPL3086_c_000000000001_RGP_15	KPL3086	c_000000000001	1418962	1424874	8	False	False
KPL3086_c_000000000001_RGP_21	KPL3086	c_000000000001	1469440	1476233	6	False	False
KPL3086_c_000000000001_RGP_4	KPL3086	c_000000000001	1606027	1611884	10	False	False
KPL3086_c_000000000001_RGP_9	KPL3086	c_000000000001	1631654	1640488	8	False	False
KPL3086_c_000000000001_RGP_20	KPL3086	c_000000000001	1700134	1703995	4	False	False
KPL3086_c_000000000001_RGP_14	KPL3086	c_000000000001	1727080	1734103	6	False	False
KPL3086_c_000000000001_RGP_1	KPL3086	c_000000000001	1840798	1850819	13	False	False
KPL3090_c_000000000001_RGP_34	KPL3090	c_000000000001	26941	30099	4	False	False
KPL3090_c_000000000001_RGP_13	KPL3090	c_000000000001	39857	46880	8	False	False
KPL3090_c_000000000001_RGP_0	KPL3090	c_000000000001	68634	119014	86	False	False
KPL3090_c_000000000001_RGP_33	KPL3090	c_000000000001	154417	167421	12	False	False
KPL3090_c_000000000001_RGP_5	KPL3090	c_000000000001	183039	195617	14	False	False
KPL3090_c_000000000001_RGP_32	KPL3090	c_000000000001	202742	206586	6	False	False
KPL3090_c_000000000001_RGP_21	KPL3090	c_000000000001	283904	288631	6	False	False
KPL3090_c_000000000001_RGP_6	KPL3090	c_000000000001	301080	312383	11	False	False
KPL3090_c_000000000001_RGP_31	KPL3090	c_000000000001	316884	321937	6	False	False
KPL3090_c_000000000001_RGP_2	KPL3090	c_000000000001	449402	474178	21	False	False
KPL3090_c_000000000001_RGP_8	KPL3090	c_000000000001	490046	1971181	8	True	False
KPL3090_c_000000000001_RGP_30	KPL3090	c_000000000001	578765	582097	4	False	False
KPL3090_c_000000000001_RGP_12	KPL3090	c_000000000001	626578	652663	8	False	False
KPL3090_c_000000000001_RGP_4	KPL3090	c_000000000001	725202	737617	12	False	False
KPL3090_c_000000000001_RGP_29	KPL3090	c_000000000001	745075	750943	4	False	False
KPL3090_c_000000000001_RGP_23	KPL3090	c_000000000001	814385	821501	7	False	False
KPL3090_c_000000000001_RGP_22	KPL3090	c_000000000001	825283	831583	7	False	False
KPL3090_c_000000000001_RGP_15	KPL3090	c_000000000001	859781	872528	9	False	False
KPL3090_c_000000000001_RGP_7	KPL3090	c_000000000001	892342	902119	9	False	False
KPL3090_c_000000000001_RGP_11	KPL3090	c_000000000001	1060592	1065400	8	False	False
KPL3090_c_000000000001_RGP_28	KPL3090	c_000000000001	1117775	1121712	4	False	False
KPL3090_c_000000000001_RGP_27	KPL3090	c_000000000001	1172163	1178294	6	False	False
KPL3090_c_000000000001_RGP_20	KPL3090	c_000000000001	1180791	1185936	6	False	False
KPL3090_c_000000000001_RGP_10	KPL3090	c_000000000001	1238311	1246959	8	False	False
KPL3090_c_000000000001_RGP_19	KPL3090	c_000000000001	1407330	1415801	6	False	False
KPL3090_c_000000000001_RGP_14	KPL3090	c_000000000001	1508784	1513624	7	False	False
KPL3090_c_000000000001_RGP_1	KPL3090	c_000000000001	1558231	1603664	75	False	False
KPL3090_c_000000000001_RGP_18	KPL3090	c_000000000001	1613661	1622324	8	False	False
KPL3090_c_000000000001_RGP_26	KPL3090	c_000000000001	1684261	1702181	4	False	False
KPL3090_c_000000000001_RGP_17	KPL3090	c_000000000001	1730207	1735153	6	False	False
KPL3090_c_000000000001_RGP_9	KPL3090	c_000000000001	1781535	1790387	8	False	False
KPL3090_c_000000000001_RGP_25	KPL3090	c_000000000001	1850430	1854292	4	False	False
KPL3090_c_000000000001_RGP_24	KPL3090	c_000000000001	1877353	1883123	4	False	False
KPL3090_c_000000000001_RGP_16	KPL3090	c_000000000001	1950065	1955298	6	False	False
KPL3090_c_000000000001_RGP_3	KPL3090	c_000000000001	1989585	1999228	14	False	False
KPL3246_c_000000000001_RGP_24	KPL3246	c_000000000001	94651	98916	5	False	False
KPL3246_c_000000000001_RGP_18	KPL3246	c_000000000001	102121	107647	8	False	False
KPL3246_c_000000000001_RGP_17	KPL3246	c_000000000001	119673	125219	8	False	False
KPL3246_c_000000000001_RGP_16	KPL3246	c_000000000001	204822	209551	6	False	False
KPL3246_c_000000000001_RGP_4	KPL3246	c_000000000001	221198	232501	11	False	False
KPL3246_c_000000000001_RGP_3	KPL3246	c_000000000001	238668	246791	12	False	False
KPL3246_c_000000000001_RGP_7	KPL3246	c_000000000001	269337	278220	11	False	False
KPL3246_c_000000000001_RGP_0	KPL3246	c_000000000001	378371	408447	29	False	False
KPL3246_c_000000000001_RGP_15	KPL3246	c_000000000001	487285	497543	8	False	False
KPL3246_c_000000000001_RGP_2	KPL3246	c_000000000001	660540	672954	12	False	False
KPL3246_c_000000000001_RGP_5	KPL3246	c_000000000001	680158	690623	10	False	False
KPL3246_c_000000000001_RGP_11	KPL3246	c_000000000001	759056	766710	10	False	False
KPL3246_c_000000000001_RGP_14	KPL3246	c_000000000001	797471	808996	8	False	False
KPL3246_c_000000000001_RGP_13	KPL3246	c_000000000001	829313	835650	6	False	False
KPL3246_c_000000000001_RGP_26	KPL3246	c_000000000001	895736	899935	4	False	False
KPL3246_c_000000000001_RGP_6	KPL3246	c_000000000001	995491	1001672	9	False	False
KPL3246_c_000000000001_RGP_25	KPL3246	c_000000000001	1101818	1108379	6	False	False
KPL3246_c_000000000001_RGP_10	KPL3246	c_000000000001	1220750	1228373	8	False	False
KPL3246_c_000000000001_RGP_23	KPL3246	c_000000000001	1372937	1403902	7	False	False
KPL3246_c_000000000001_RGP_22	KPL3246	c_000000000001	1450307	1457941	7	False	False
KPL3246_c_000000000001_RGP_21	KPL3246	c_000000000001	1612531	1617480	5	False	False
KPL3246_c_000000000001_RGP_9	KPL3246	c_000000000001	1664709	1673562	8	False	False
KPL3246_c_000000000001_RGP_8	KPL3246	c_000000000001	1682786	1717879	10	False	False
KPL3246_c_000000000001_RGP_1	KPL3246	c_000000000001	1750770	1773096	17	False	False
KPL3246_c_000000000001_RGP_20	KPL3246	c_000000000001	1784769	1789672	5	False	False
KPL3246_c_000000000001_RGP_12	KPL3246	c_000000000001	1811774	1818797	6	False	False
KPL3246_c_000000000001_RGP_19	KPL3246	c_000000000001	1928571	1932278	5	False	False
KPL3250_c_000000000001_RGP_24	KPL3250	c_000000000001	112783	117146	6	False	False
KPL3250_c_000000000001_RGP_3	KPL3250	c_000000000001	203679	213506	13	False	False
KPL3250_c_000000000001_RGP_6	KPL3250	c_000000000001	225377	236713	11	False	False
KPL3250_c_000000000001_RGP_23	KPL3250	c_000000000001	241212	246264	6	False	False
KPL3250_c_000000000001_RGP_0	KPL3250	c_000000000001	373496	398357	22	False	False
KPL3250_c_000000000001_RGP_8	KPL3250	c_000000000001	414242	1853292	8	True	False
KPL3250_c_000000000001_RGP_12	KPL3250	c_000000000001	545108	566279	8	False	False
KPL3250_c_000000000001_RGP_5	KPL3250	c_000000000001	636957	649371	12	False	False
KPL3250_c_000000000001_RGP_19	KPL3250	c_000000000001	656830	665363	5	False	False
KPL3250_c_000000000001_RGP_11	KPL3250	c_000000000001	737139	744793	10	False	False
KPL3250_c_000000000001_RGP_10	KPL3250	c_000000000001	778638	791821	10	False	False
KPL3250_c_000000000001_RGP_22	KPL3250	c_000000000001	871331	875530	4	False	False
KPL3250_c_000000000001_RGP_4	KPL3250	c_000000000001	915106	923003	12	False	False
KPL3250_c_000000000001_RGP_7	KPL3250	c_000000000001	979491	984487	9	False	False
KPL3250_c_000000000001_RGP_9	KPL3250	c_000000000001	1207429	1215052	8	False	False
KPL3250_c_000000000001_RGP_17	KPL3250	c_000000000001	1317289	1324540	6	False	False
KPL3250_c_000000000001_RGP_18	KPL3250	c_000000000001	1436801	1442527	7	False	False
KPL3250_c_000000000001_RGP_16	KPL3250	c_000000000001	1487357	1496020	8	False	False
KPL3250_c_000000000001_RGP_21	KPL3250	c_000000000001	1602420	1607350	4	False	False
KPL3250_c_000000000001_RGP_14	KPL3250	c_000000000001	1628566	1633953	7	False	False
KPL3250_c_000000000001_RGP_1	KPL3250	c_000000000001	1698398	1718505	18	False	False
KPL3250_c_000000000001_RGP_20	KPL3250	c_000000000001	1730235	1734097	4	False	False
KPL3250_c_000000000001_RGP_13	KPL3250	c_000000000001	1757135	1766030	7	False	False
KPL3250_c_000000000001_RGP_15	KPL3250	c_000000000001	1834216	1840529	6	False	False
KPL3250_c_000000000001_RGP_2	KPL3250	c_000000000001	1873566	1890188	16	False	False
KPL3256_c_000000000001_RGP_0	KPL3256	c_000000000001	677	52300	78	True	False
KPL3256_c_000000000001_RGP_13	KPL3256	c_000000000001	176129	190532	7	False	False
KPL3256_c_000000000001_RGP_22	KPL3256	c_000000000001	268395	274264	4	False	False
KPL3256_c_000000000001_RGP_11	KPL3256	c_000000000001	345103	352757	10	False	False
KPL3256_c_000000000001_RGP_16	KPL3256	c_000000000001	384730	397267	8	False	False
KPL3256_c_000000000001_RGP_7	KPL3256	c_000000000001	791963	799585	9	False	False
KPL3256_c_000000000001_RGP_10	KPL3256	c_000000000001	995765	1000608	8	False	False
KPL3256_c_000000000001_RGP_21	KPL3256	c_000000000001	1004994	1010721	6	False	False
KPL3256_c_000000000001_RGP_20	KPL3256	c_000000000001	1055875	1062665	6	False	False
KPL3256_c_000000000001_RGP_6	KPL3256	c_000000000001	1173938	1191609	16	False	False
KPL3256_c_000000000001_RGP_9	KPL3256	c_000000000001	1233243	1242077	8	False	False
KPL3256_c_000000000001_RGP_19	KPL3256	c_000000000001	1299101	1302963	4	False	False
KPL3256_c_000000000001_RGP_12	KPL3256	c_000000000001	1326022	1334917	7	False	False
KPL3256_c_000000000001_RGP_8	KPL3256	c_000000000001	1379219	1388674	8	False	False
KPL3256_c_000000000001_RGP_15	KPL3256	c_000000000001	1413003	1417893	6	False	False
KPL3256_c_000000000001_RGP_2	KPL3256	c_000000000001	1452878	1468083	18	False	False
KPL3256_c_000000000001_RGP_3	KPL3256	c_000000000001	1574746	1587032	18	False	False
KPL3256_c_000000000001_RGP_5	KPL3256	c_000000000001	1609549	1621280	12	False	False
KPL3256_c_000000000001_RGP_17	KPL3256	c_000000000001	1659664	1665045	5	False	False
KPL3256_c_000000000001_RGP_4	KPL3256	c_000000000001	1722793	1734096	11	False	False
KPL3256_c_000000000001_RGP_18	KPL3256	c_000000000001	1738595	1743647	6	False	False
KPL3256_c_000000000001_RGP_14	KPL3256	c_000000000001	1765453	1772096	8	False	False
KPL3256_c_000000000001_RGP_1	KPL3256	c_000000000001	1873611	1908012	34	False	False
KPL3264_c_000000000001_RGP_13	KPL3264	c_000000000001	30	6178	8	True	False
KPL3264_c_000000000001_RGP_12	KPL3264	c_000000000001	84178	91801	8	False	False
KPL3264_c_000000000001_RGP_11	KPL3264	c_000000000001	208022	215037	8	False	False
KPL3264_c_000000000001_RGP_10	KPL3264	c_000000000001	324131	328700	8	False	False
KPL3264_c_000000000001_RGP_24	KPL3264	c_000000000001	367736	373945	4	False	False
KPL3264_c_000000000001_RGP_5	KPL3264	c_000000000001	511572	527119	13	False	False
KPL3264_c_000000000001_RGP_9	KPL3264	c_000000000001	559366	567023	10	False	False
KPL3264_c_000000000001_RGP_23	KPL3264	c_000000000001	571065	574895	6	False	False
KPL3264_c_000000000001_RGP_22	KPL3264	c_000000000001	639822	645691	4	False	False
KPL3264_c_000000000001_RGP_4	KPL3264	c_000000000001	653150	665563	13	False	False
KPL3264_c_000000000001_RGP_15	KPL3264	c_000000000001	736235	747319	7	False	False
KPL3264_c_000000000001_RGP_1	KPL3264	c_000000000001	914436	939298	20	False	False
KPL3264_c_000000000001_RGP_17	KPL3264	c_000000000001	1045630	1054760	10	False	False
KPL3264_c_000000000001_RGP_3	KPL3264	c_000000000001	1182521	1195977	17	False	False
KPL3264_c_000000000001_RGP_0	KPL3264	c_000000000001	1213234	1234197	32	False	False
KPL3264_c_000000000001_RGP_19	KPL3264	c_000000000001	1334605	1338314	5	False	False
KPL3264_c_000000000001_RGP_18	KPL3264	c_000000000001	1473889	1478680	5	False	False
KPL3264_c_000000000001_RGP_2	KPL3264	c_000000000001	1484098	1509729	22	False	False
KPL3264_c_000000000001_RGP_7	KPL3264	c_000000000001	1541101	1579309	11	False	False
KPL3264_c_000000000001_RGP_8	KPL3264	c_000000000001	1588542	1597376	8	False	False
KPL3264_c_000000000001_RGP_14	KPL3264	c_000000000001	1642863	1649555	7	False	False
KPL3264_c_000000000001_RGP_21	KPL3264	c_000000000001	1753545	1760335	6	False	False
KPL3264_c_000000000001_RGP_6	KPL3264	c_000000000001	1814165	1819004	9	False	False
KPL3264_c_000000000001_RGP_20	KPL3264	c_000000000001	1861342	1880379	4	False	False
KPL3264_c_000000000001_RGP_16	KPL3264	c_000000000001	1912315	1920778	6	False	False
KPL3274_c_000000000001_RGP_1	KPL3274	c_000000000001	87501	100655	21	False	False
KPL3274_c_000000000001_RGP_15	KPL3274	c_000000000001	113220	119447	7	False	False
KPL3274_c_000000000001_RGP_4	KPL3274	c_000000000001	126483	137759	15	False	False
KPL3274_c_000000000001_RGP_14	KPL3274	c_000000000001	220985	225942	7	False	False
KPL3274_c_000000000001_RGP_5	KPL3274	c_000000000001	238427	249730	11	False	False
KPL3274_c_000000000001_RGP_0	KPL3274	c_000000000001	390416	415284	22	False	False
KPL3274_c_000000000001_RGP_7	KPL3274	c_000000000001	431151	1828418	8	True	False
KPL3274_c_000000000001_RGP_18	KPL3274	c_000000000001	515918	521096	6	False	False
KPL3274_c_000000000001_RGP_13	KPL3274	c_000000000001	566210	586793	7	False	False
KPL3274_c_000000000001_RGP_6	KPL3274	c_000000000001	664400	674858	10	False	False
KPL3274_c_000000000001_RGP_21	KPL3274	c_000000000001	733930	741057	7	False	False
KPL3274_c_000000000001_RGP_10	KPL3274	c_000000000001	773949	789440	10	False	False
KPL3274_c_000000000001_RGP_12	KPL3274	c_000000000001	1067179	1077605	9	False	False
KPL3274_c_000000000001_RGP_9	KPL3274	c_000000000001	1186280	1193903	8	False	False
KPL3274_c_000000000001_RGP_17	KPL3274	c_000000000001	1286830	1298737	8	False	False
KPL3274_c_000000000001_RGP_20	KPL3274	c_000000000001	1452463	1459243	7	False	False
KPL3274_c_000000000001_RGP_19	KPL3274	c_000000000001	1566988	1571938	5	False	False
KPL3274_c_000000000001_RGP_11	KPL3274	c_000000000001	1596554	1601947	7	False	False
KPL3274_c_000000000001_RGP_8	KPL3274	c_000000000001	1622503	1631328	8	False	False
KPL3274_c_000000000001_RGP_3	KPL3274	c_000000000001	1677530	1698454	16	False	False
KPL3274_c_000000000001_RGP_22	KPL3274	c_000000000001	1710126	1713988	4	False	False
KPL3274_c_000000000001_RGP_16	KPL3274	c_000000000001	1737053	1744076	6	False	False
KPL3274_c_000000000001_RGP_2	KPL3274	c_000000000001	1846820	1862024	16	False	False
KPL3911_c_000000000001_RGP_24	KPL3911	c_000000000001	101890	107418	6	False	False
KPL3911_c_000000000001_RGP_3	KPL3911	c_000000000001	119431	133818	19	False	False
KPL3911_c_000000000001_RGP_10	KPL3911	c_000000000001	161615	166006	10	False	False
KPL3911_c_000000000001_RGP_5	KPL3911	c_000000000001	219926	227669	12	False	False
KPL3911_c_000000000001_RGP_8	KPL3911	c_000000000001	240328	251661	11	False	False
KPL3911_c_000000000001_RGP_21	KPL3911	c_000000000001	280348	286454	7	False	False
KPL3911_c_000000000001_RGP_0	KPL3911	c_000000000001	389441	430811	43	False	False
KPL3911_c_000000000001_RGP_12	KPL3911	c_000000000001	579535	592932	9	False	False
KPL3911_c_000000000001_RGP_2	KPL3911	c_000000000001	663763	676174	15	False	False
KPL3911_c_000000000001_RGP_7	KPL3911	c_000000000001	683377	693841	11	False	False
KPL3911_c_000000000001_RGP_20	KPL3911	c_000000000001	757243	761255	7	False	False
KPL3911_c_000000000001_RGP_19	KPL3911	c_000000000001	765180	771455	7	False	False
KPL3911_c_000000000001_RGP_1	KPL3911	c_000000000001	805208	828550	21	False	False
KPL3911_c_000000000001_RGP_17	KPL3911	c_000000000001	848522	854854	6	False	False
KPL3911_c_000000000001_RGP_11	KPL3911	c_000000000001	1008989	1013794	9	False	False
KPL3911_c_000000000001_RGP_16	KPL3911	c_000000000001	1411496	1416527	8	False	False
KPL3911_c_000000000001_RGP_23	KPL3911	c_000000000001	1420912	1425627	6	False	False
KPL3911_c_000000000001_RGP_22	KPL3911	c_000000000001	1539577	1557009	4	False	False
KPL3911_c_000000000001_RGP_4	KPL3911	c_000000000001	1584992	1600022	20	False	False
KPL3911_c_000000000001_RGP_6	KPL3911	c_000000000001	1621665	1627951	11	False	False
KPL3911_c_000000000001_RGP_15	KPL3911	c_000000000001	1657412	1682748	10	False	False
KPL3911_c_000000000001_RGP_14	KPL3911	c_000000000001	1717297	1728570	8	False	False
KPL3911_c_000000000001_RGP_18	KPL3911	c_000000000001	1733988	1738771	5	False	False
KPL3911_c_000000000001_RGP_13	KPL3911	c_000000000001	1761009	1769903	8	False	False
KPL3911_c_000000000001_RGP_9	KPL3911	c_000000000001	1876820	1886289	10	False	False
